paragraph_number,name,start_offset,end_offset,left_context,right_context,full_context
12,Elizabeth,180,189,Queene,.,Queene Elizabeth .
12,Elizabeth,646,655,declare the Ladie,sister to the sayde,declare the Ladie Elizabeth sister to the sayde
12,Queene,173,179,,Elizabeth.,Queene Elizabeth.
12,Queene,258,264,,Mary was deceassed,Queene Mary was deceassed
12,Queene,676,682,sister to the sayde,to,sister to the sayde Queene to
14,Elizabeth,570,579,which is the Ladie,", second daughter","which is the Ladie Elizabeth , second daughter"
14,Elizabeth,1082,1091,the sayde Ladie,Queene of thys,the sayde Ladie Elizabeth Queene of thys
14,Elizabeth,1248,1257,God saue Queene,", long may Queene","God saue Queene Elizabeth , long may Queene"
14,Elizabeth,1275,1284,long may Queene,raigne ouer,long may Queene Elizabeth raigne ouer
14,Elizabeth,1712,1721,"made,The Ladie",proclaymed,"made,The Ladie Elizabeth proclaymed"
14,Elizabeth,1853,1862,"and tytle,",by the grace of,"and tytle, Elizabeth by the grace of"
14,Elizabeth,2713,2722,soueraigne Ladie Q.,began hir happie,soueraigne Ladie Q. Elizabeth began hir happie
14,England,1893,1900,of God Queene of,", Fraunce and","of God Queene of England , Fraunce and"
14,Queene,249,255,soueraigne Ladie,"Marie, which happe","soueraigne Ladie Queene Marie, which happe"
14,Queene,729,735,sayd late,", of whose most","sayd late Queene , of whose most"
14,Queene,1092,1098,Ladie Elizabeth,of thys realme,Ladie Elizabeth Queene of thys realme
14,Queene,1241,1247,"of ioy, God saue","Elizabeth, long","of ioy, God saue Queene Elizabeth, long"
14,Queene,1268,1274,"Elizabeth, long may",Elizabeth raigne,"Elizabeth, long may Queene Elizabeth raigne"
14,Queene,1754,1760,,. in most solemne,Queene . in most solemne
14,Queene,1803,1809,proclamed the newe,", by thys name","proclamed the newe Queene , by thys name"
14,Queene,1883,1889,the grace of God,"of England, Fraunce","the grace of God Queene of England, Fraunce"
19,Queene,75,81,,Mary was ryghte,Queene Mary was ryghte
19,Queene,196,202,of Westminster.,Mary buryed. Hir,of Westminster. Queene Mary buryed. Hir
20,England,167,174,"of the armes, of",and,"of the armes, of England and"
22,England,1025,1032,"Mary, Queene of",", in this present","Mary, Queene of England , in this present"
22,Queene,39,45,deceasse of the,of Fraunce.Moreouer,deceasse of the Queene of Fraunce.Moreouer
22,Queene,265,271,,"Leonore, first","Queene Leonore, first"
22,Queene,503,509,"other sister Mary,",of Hu,"other sister Mary, Queene of Hu"
22,Queene,560,566,deceasse of the,of,deceasse of the Queene of
22,Queene,956,962,"hys Aunt Mary,","of Hungary, and","hys Aunt Mary, Queene of Hungary, and"
22,Queene,1015,1021,"Mary,","of England, in","Mary, Queene of England, in"
29,Elizabeth,242,251,soueraigne Lady,by the grace of,soueraigne Lady Elizabeth by the grace of
29,England,300,307,of,", Fraunce and Ireland","of England , Fraunce and Ireland"
29,Ireland,321,328,"England, Fraunce and",", defendour of the","England, Fraunce and Ireland , defendour of the"
29,Queene,272,278,the grace of God,,the grace of God Queene
29,Queene,3966,3972,Lady their,", and hir grace","Lady their Queene , and hir grace"
33,Elizabeth,165,174,,"his wife, daughter","Elizabeth his wife, daughter"
33,Elizabeth,556,565,which was Queene,", being heire to","which was Queene Elizabeth , being heire to"
33,Elizabeth,1653,1662,soueraine Ladye Q.,"that now is, both","soueraine Ladye Q. Elizabeth that now is, both"
33,Queene,549,555,other which was,"Elizabeth, being","other which was Queene Elizabeth, being"
33,Queene,1541,1547,righte worthy Ladye,"Anne, wise to the","righte worthy Ladye Queene Anne, wise to the"
33,Queene,1789,1795,state of a King and,",","state of a King and Queene ,"
34,Elizabeth,283,292,excellent Maiestie,", now our most","excellent Maiestie Elizabeth , now our most"
37,Elizabeth,192,201,"then ende, when",", daughter to Edwardd","then ende, when Elizabeth , daughter to Edwardd"
37,Elizabeth,394,403,name was,", and for somuch","name was Elizabeth , and for somuch"
37,Elizabeth,579,588,that the lyke as,,that the lyke as Elizabeth
37,Elizabeth,658,667,so shee another,",  mighte","so shee another Elizabeth ,  mighte"
44,Queene,502,508,hys face to the,and,hys face to the Queene and
47,England,74,81,stoode the armes of,",","stoode the armes of England ,"
60,Queene,926,932,good and gracious,", and not to esteeme","good and gracious Queene , and not to esteeme"
60,Queene,1516,1522,youre good Lady and,", bee yee ensured","youre good Lady and Queene , bee yee ensured"
60,Queene,1600,1606,"vnto you, as euer",was to hir people,"vnto you, as euer Queene was to hir people"
64,Queene,266,272,deliuered vnto  the,. But shee as soone,deliuered vnto  the Queene . But shee as soone
73,Queene,1089,1095,"hir hande, as a",,"hir hande, as a Queene"
81,Queene,99,105,,",  At which","Queene ,  At which"
83,Queene,301,307,gracious a,and soueraigne,gracious a Queene and soueraigne
86,Queene,300,306,theyr so good a,",","theyr so good a Queene ,"
96,Queene,489,495,rightuous and lawfull,of,rightuous and lawfull Queene of
96,Queene,534,540,this Realme. The,taking a cuppe,this Realme. The Queene taking a cuppe
97,Queene,47,53,London serueth the,of Ipocrasse. at,London serueth the Queene of Ipocrasse. at
97,Queene,243,249,bare it to the,", and kneeling","bare it to the Queene , and kneeling"
99,Queene,555,561,during the dayes of,Marie he had liued,during the dayes of Queene Marie he had liued
100,Queene,266,272,"ecclesiasticall, which",Mary had giuen,"ecclesiasticall, which Queene Mary had giuen"
103,Queene,4668,4674,declare that a,", hauing raigned","declare that a Queene , hauing raigned"
104,Elizabeth,323,332,Princesse Queene,", they returned","Princesse Queene Elizabeth , they returned"
104,Queene,122,128,persecution in,Maries dayes,persecution in Queene Maries dayes
104,Queene,316,322,noble  Princesse,"Elizabeth, they","noble  Princesse Queene Elizabeth, they"
107,Queene,332,338,beyond the seas all,Maries time.,beyond the seas all Queene Maries time.
122,England,18,25,For the Queene of,", the Byshop of","For the Queene of England , the Byshop of"
122,Queene,8,14,For the,"of England, the","For the Queene of England, the"
122,Queene,143,149,Chamberlayne to the sayde,", Doctor Nicholas","Chamberlayne to the sayde Queene , Doctor Nicholas"
124,England,442,449,Queenes Maiestie of,", and the French","Queenes Maiestie of England , and the French"
124,England,1425,1432,Crowne and Realme of,.,Crowne and Realme of England .
125,England,110,117,Realmes of,"and Scotland, such","Realmes of England and Scotland, such"
126,England,435,442,,", we haue of purpose","England , we haue of purpose"
127,Queene,479,485,Dolphin and,of Scottes his,Dolphin and Queene of Scottes his
130,Queene,263,269,"him, in the late","Maries dayes, for","him, in the late Queene Maries dayes, for"
131,Queene,926,932,as of hir sister,Mary.,as of hir sister Queene Mary.
152,England,869,876,Queenes master of,for ayde against,Queenes master of England for ayde against
152,Queene,89,95,"nobilitie, and the",,"nobilitie, and the Queene"
152,Queene,309,315,therin.  And the,resisting them,therin.  And the Queene resisting them
152,Queene,563,569,ayde the sayde,",Frenchmen  into","ayde the sayde Queene ,Frenchmen  into"
152,Queene,952,958,to sue vnto the,of  Englande for,to sue vnto the Queene of  Englande for
153,Queene,360,366,"Guise, Vncle to the",of Fraunce and,"Guise, Vncle to the Queene of Fraunce and"
153,Queene,475,481,"neece, the foresayd",", as might bee gathered","neece, the foresayd Queene , as might bee gathered"
155,Queene,209,215,"aduersaries, and how the",of Scottes was,"aduersaries, and how the Queene of Scottes was"
195,Queene,40,46,"Trombull, the",regents Trumpet,"Trombull, the Queene regents Trumpet"
196,Queene,180,186,talke with the,. and the,talke with the Queene . and the
196,Queene,309,315,,as then lay within,Queene as then lay within
198,Queene,41,47,conference with the,", although an asistinence","conference with the Queene , although an asistinence"
198,Queene,188,194,Grey and the sayd,ought to haue reasson,Grey and the sayd Queene ought to haue reasson
199,Queene,419,425,hadde made to the,"Dowager, hee would","hadde made to the Queene Dowager, hee would"
208,England,65,72,embarqued to passe into,.,embarqued to passe into England .
209,Queene,75,81,returned from ye,"regent, after they","returned from ye Queene regent, after they"
211,Queene,153,159,the,Dowager.,the Queene Dowager.
241,Queene,242,248,conferre with the,Dowager.,conferre with the Queene Dowager.
245,Queene,56,62,talked with the,"Dowager, returned","talked with the Queene Dowager, returned"
300,Queene,268,274,"x. of Iune,The",Dowager departeth,"x. of Iune,The Queene Dowager departeth"
300,Queene,321,327,on which day the,Dowager departed,on which day the Queene Dowager departed
301,England,161,168,,", and Doctor Wotton","England , and Doctor Wotton"
301,Queene,499,505,his wife Marie,of Scotland.,his wife Marie Queene of Scotland.
311,Elizabeth,110,119,"mightie princesse,",by the grace of,"mightie princesse, Elizabeth by the grace of"
311,England,172,179,Queene of,", France, and Ireland","Queene of England , France, and Ireland"
311,Ireland,193,200,"England, France, and",", defender of the","England, France, and Ireland , defender of the"
311,Queene,162,168,,"of England, France","Queene of England, France"
311,Queene,354,360,,of Fraunce and,Queene of Fraunce and
314,England,1430,1437,Queenes Maiestie of,", and  to none other","Queenes Maiestie of England , and  to none other"
314,Queene,1238,1244,,of Fraunce and,Queene of Fraunce and
341,England,652,659,,.,England .
342,Queene,42,48,that the King and,mother shoulde,that the King and Queene mother shoulde
372,Essex,49,54,souldiers out of,", arriue at Newhauen","souldiers out of Essex , arriue at Newhauen"
372,Essex,194,199,,"me, vnder the leadyng","Essex me, vnder the leadyng"
377,England,33,40,returned backe into,", but the Souldyers","returned backe into England , but the Souldyers"
434,England,199,206,returning into,",","returning into England ,"
482,England,329,336,conueyd ouer into,", he shortly after","conueyd ouer into England , he shortly after"
517,Queene,209,215,belonged to the,of Englande and,belonged to the Queene of Englande and
523,Queene,126,132,to the King and,"mother, to aduertise","to the King and Queene mother, to aduertise"
529,Essex,259,264,the same tyme in,a man was torne,the same tyme in Essex a man was torne
530,England,361,368,other places of,notwithstanding,other places of England notwithstanding
542,Queene,168,174,"of Cambridge,The",a progresse thorow,"of Cambridge,The Queene a progresse thorow"
548,England,960,967,many people in,: especially in,many people in England : especially in
549,Queene,509,515,"folowing, maried Marie",of Scotlande.,"folowing, maried Marie Queene of Scotlande."
550,England,421,428,marchant adueturers of,: they came to Bruges,marchant adueturers of England : they came to Bruges
550,England,653,660,Commissioners returned into,.,Commissioners returned into England .
555,Essex,336,341,,fiue hundred acres,Essex fiue hundred acres
556,Queene,1196,1202,Christning the,gaue the childe,Christning the Queene gaue the childe
558,England,150,157,maister Gunner of,", desirous also","maister Gunner of England , desirous also"
560,England,211,218,ouer into,", by the French","ouer into England , by the French"
567,England,269,276,,"may reioyce, that","England may reioyce, that"
567,Queene,48,54,"disputations, the",at the humble suyte,"disputations, the Queene at the humble suyte"
571,England,541,548,Queenes Maiestie of,was the,Queenes Maiestie of England was the
571,Queene,181,187,"Marie, King and",of Scottes,"Marie, King and Queene of Scottes"
586,England,559,566,againe into,vnto the Queenes,againe into England vnto the Queenes
635,England,595,602,,the .xxij. of Aprill,England the .xxij. of Aprill
653,Queene,418,424,thereof in the,of Englands name,thereof in the Queene of Englands name
661,Queene,1044,1050,them wythoute the,of Englandes ayde,them wythoute the Queene of Englandes ayde
666,England,395,402,hostages sent into,by the same,hostages sent into England by the same
675,Queene,364,370,,of Englandes Generall,Queene of Englandes Generall
676,Queene,1381,1387,,of Englande and,Queene of Englande and
698,Queene,219,225,deuotion of the,"of Englande, was","deuotion of the Queene of Englande, was"
699,England,463,470,to the realme of,",Churchyard. and","to the realme of England ,Churchyard. and"
699,England,617,624,,and Scotlande,England and Scotlande
704,Queene,753,759,remaine at the,of Englandes,remaine at the Queene of Englandes
821,Elizabeth,150,159,"Mary, and Queene",. All these he serued,"Mary, and Queene Elizabeth . All these he serued"
821,Queene,126,132,"Edwarde the sixt,","Mary, and Queene","Edwarde the sixt, Queene Mary, and Queene"
821,Queene,143,149,"Queene Mary, and",Elizabeth. All,"Queene Mary, and Queene Elizabeth. All"
825,Essex,29,34,Earles of,and Lincolne created,Earles of Essex and Lincolne created
825,Essex,184,189,created Earle of,. And Edwarde Fines,created Earle of Essex . And Edwarde Fines
832,England,840,847,Queene of,", Sir Thomas Smyth","Queene of England , Sir Thomas Smyth"
832,Queene,830,836,,"of England, Sir","Queene of England, Sir"
833,England,218,225,and the Nobles of,to the Castell,and the Nobles of England to the Castell
834,England,174,181,and returned into,,and returned into England
840,England,259,266,high Treasorer of,:,high Treasorer of England :
850,Elizabeth,752,761,,. They returned,Elizabeth . They returned
850,England,782,789,They returned into,the seue and twentith,They returned into England the seue and twentith
851,England,409,416,Lord Admirall of,", that he should","Lord Admirall of England , that he should"
861,Queene,4,10,Our,at the request,Our Queene at the request
874,Elizabeth,1159,1168,"England,Queene",a,"England,Queene Elizabeth a"
874,England,1144,1151,,",Queene Elizabeth","England ,Queene Elizabeth"
874,Queene,1152,1158,"England,",Elizabeth a,"England, Queene Elizabeth a"
880,England,2880,2887,the Historie of,"Page, 1868.","the Historie of England Page, 1868."
889,Essex,36,41,Walter Erle of,", accompanyed with","Walter Erle of Essex , accompanyed with"
889,Essex,104,109,le of,and the Lorde che,le of Essex and the Lorde che
890,Essex,958,963,to the Earle of,", and there made","to the Earle of Essex , and there made"
892,England,129,136,Q. Maiestie of,directed hir letters,Q. Maiestie of England directed hir letters
892,Ireland,101,108,generall of Vlster,. the Q. Maiestie,generall of Vlster Ireland . the Q. Maiestie
892,Essex,12,17,The Erle of,hauing the Countrey,The Erle of Essex hauing the Countrey
892,Essex,66,71,"other,Erle of",captaine generall,"other,Erle of Essex captaine generall"
892,Essex,275,280,Commission the Earle of,Captaine generall,Commission the Earle of Essex Captaine generall
929,Elizabeth,294,303,by the names of,", Marie, Margaret","by the names of Elizabeth , Marie, Margaret"
940,Ireland,57,64,Earle Marshall of,", Knight of the","Earle Marshall of Ireland , Knight of the"
940,Essex,25,30,Deueroux Earle of,", and Eu Earle Marshall","Deueroux Earle of Essex , and Eu Earle Marshall"
940,Essex,339,344,"therewith,The Earle of",departeth this,"therewith,The Earle of Essex departeth this"
942,England,237,244,Queenes Maiestie of,and the King of,Queenes Maiestie of England and the King of
944,Elizabeth,369,378,soueraigne Lady Queene,", whose happie state","soueraigne Lady Queene Elizabeth , whose happie state"
944,Queene,362,368,soueraigne Lady,"Elizabeth, whose","soueraigne Lady Queene Elizabeth, whose"
